filename,label
aassnaulhq.mp4,0.500000
aayfryxljh.mp4,0.500000
acazlolrpz.mp4,0.500000
adohdulfwb.mp4,0.500000
ahjnxtiamx.mp4,0.500000
ajiyrjfyzp.mp4,0.500000
aktnlyqpah.mp4,0.500000
alrtntfxtd.mp4,0.500000
aomqqjipcp.mp4,0.500000
apedduehoy.mp4,0.500000
apvzjkvnwn.mp4,0.500000
aqrsylrzgi.mp4,0.500000
axfhbpkdlc.mp4,0.500000
ayipraspbn.mp4,0.500000
bcbqxhziqz.mp4,0.500000
bcvheslzrq.mp4,0.500000
bdshuoldwx.mp4,0.500000
bfdopzvxbi.mp4,0.500000
bfjsthfhbd.mp4,0.500000
bjyaxvggle.mp4,0.500000
bkcyglmfci.mp4,0.500000
bktkwbcawi.mp4,0.500000
bkuzquigyt.mp4,0.500000
blnmxntbey.mp4,0.500000
blszgmxkvu.mp4,0.500000
bnuwxhfahw.mp4,0.500000
bofrwgeyjo.mp4,0.500000
btdxnajogv.mp4,0.500000
bvpeerislp.mp4,0.500000
bwdmzwhdnw.mp4,0.500000
bzvzpwrabw.mp4,0.500000
cekarydqba.mp4,0.500000
cekwtyxdoo.mp4,0.500000
cjkctqqakb.mp4,0.500000
cnpanmywno.mp4,0.500000
cnxccbjlct.mp4,0.500000
coqwgzpbhx.mp4,0.500000
cosghhimnd.mp4,0.500000
coujjnypba.mp4,0.500000
cqhwesrciw.mp4,0.500000
cqxxumarvp.mp4,0.500000
csnkohqxdv.mp4,0.500000
cxsvvnxpyz.mp4,0.500000
czfqlbcfpa.mp4,0.500000
dcqodpzomd.mp4,0.500000
ddtbarpcgo.mp4,0.500000
demuhxssgl.mp4,0.500000
didzujjhtg.mp4,0.500000
dkuqbduxev.mp4,0.500000
dmmvuaikkv.mp4,0.500000
dnmowthjcj.mp4,0.500000
doniqevxeg.mp4,0.500000
dozjwhnedd.mp4,0.500000
dpevefkefv.mp4,0.500000
dpmgoiwhuf.mp4,0.500000
dsnxgrfdmd.mp4,0.500000
dtozwcapoa.mp4,0.500000
dvkdfhrpph.mp4,0.500000
dvtpwatuja.mp4,0.500000
dvwpvqdflx.mp4,0.500000
dxfdovivlw.mp4,0.500000
dxgnpnowgk.mp4,0.500000
dyjklprkoc.mp4,0.500000
dzkyxbbqkr.mp4,0.500000
dzojiwfvba.mp4,0.500000
ecumyiowzs.mp4,0.500000
eisofhptvk.mp4,0.500000
ekboxwrwuv.mp4,0.500000
ekelfsnqof.mp4,0.500000
ekvwecwltj.mp4,0.500000
elackxuccp.mp4,0.500000
eppyqpgewp.mp4,0.500000
eqslzbqfea.mp4,0.500000
eryjktdexi.mp4,0.500000
esjdyghhog.mp4,0.500000
esmqxszybs.mp4,0.500000
espkiocpxq.mp4,0.500000
etdliwticv.mp4,0.500000
evysmtpnrf.mp4,0.500000
eyguqfmgzh.mp4,0.500000
eywdmustbb.mp4,0.500000
famlupsgqm.mp4,0.500000
fddmkqjwsh.mp4,0.500000
fjrueenjyp.mp4,0.500000
fjxovgmwnm.mp4,0.500000
fmhiujydwo.mp4,0.500000
fmvvmcbdrw.mp4,0.500000
fneqiqpqvs.mp4,0.500000
fnxgqcvlsd.mp4,0.500000
fopjiyxiqd.mp4,0.500000
fpevfidstw.mp4,0.500000
fqgypsunzr.mp4,0.500000
frqfsucgao.mp4,0.500000
fsdrwikhge.mp4,0.500000
fwykevubzy.mp4,0.500000
fxuxxtryjn.mp4,0.500000
fzvpbrzssi.mp4,0.500000
gahgyuwzbu.mp4,0.500000
gbnzicjyhz.mp4,0.500000
gccnvdoknm.mp4,0.500000
gcdtglsoqj.mp4,0.500000
gfcycflhbo.mp4,0.500000
gfdjzwnpyp.mp4,0.500000
gfgcwxkbjd.mp4,0.500000
ggdpclfcgk.mp4,0.500000
ggzjfrirjh.mp4,0.500000
ghnpsltzyn.mp4,0.500000
gkutjglghz.mp4,0.500000
gochxzemmq.mp4,0.500000
gpsxfxrjrr.mp4,0.500000
gqnaxievjx.mp4,0.500000
gunamloolc.mp4,0.500000
halvwiltfs.mp4,0.500000
hbufmvbium.mp4,0.500000
hcanfkwivl.mp4,0.500000
hclsparpth.mp4,0.500000
hefisnapds.mp4,0.500000
heiyoojifp.mp4,0.500000
hevcclcklc.mp4,0.500000
hfsvqabzfq.mp4,0.500000
hicjuubiau.mp4,0.500000
hierggamuo.mp4,0.500000
hitfycdavv.mp4,0.500000
hnfwagcxdf.mp4,0.500000
honxqdilvv.mp4,0.500000
hqzwudvhih.mp4,0.500000
hsbljbsgxr.mp4,0.500000
hsbwhlolsn.mp4,0.500000
hszwwswewp.mp4,0.500000
htzbnroagi.mp4,0.500000
huvlwkxoxm.mp4,0.500000
hweshqpfwe.mp4,0.500000
hxwtsaydal.mp4,0.500000
hyjqolupxn.mp4,0.500000
hzoiotcykp.mp4,0.500000
hzssdinxec.mp4,0.500000
ibxfxggtqh.mp4,0.500000
icbsahlivv.mp4,0.500000
igpvrfjdzc.mp4,0.500000
ihglzxzroo.mp4,0.500000
iksxzpqxzi.mp4,0.500000
ilqwcbprqa.mp4,0.500000
imdmhwkkni.mp4,0.500000
iorbtaarte.mp4,0.500000
ipkpxvwroe.mp4,0.500000
ipvwtgdlre.mp4,0.500000
irqzdokcws.mp4,0.500000
itfsvvmslp.mp4,0.500000
iznnzjvaxc.mp4,0.500000
jawgcggquk.mp4,0.500000
jhczqfefgw.mp4,0.500000
jiavqbrkyk.mp4,0.500000
jiswxuqzyz.mp4,0.500000
jquevmhdvc.mp4,0.500000
jsbpkpxwew.mp4,0.500000
jsysgmycsx.mp4,0.500000
jyfvaequfg.mp4,0.500000
jyoxdvxpza.mp4,0.500000
jytrvwlewz.mp4,0.500000
jzmzdispyo.mp4,0.500000
kcjvhgvhpt.mp4,0.500000
keioymnobc.mp4,0.500000
kezwvsxxzj.mp4,0.500000
khpipxnsvx.mp4,0.500000
kmcdjxmnoa.mp4,0.500000
kmqkiihrmj.mp4,0.500000
knxltsvzyu.mp4,0.500000
kowiwvrjht.mp4,0.500000
kqlvggiqee.mp4,0.500000
kvmpmhdxly.mp4,0.500000
kwfdyqofzw.mp4,0.500000
lbfqksftuo.mp4,0.500000
lbigytrrtr.mp4,0.500000
lebzjtusnr.mp4,0.500000
lhvjzhjxdp.mp4,0.500000
ljauauuyka.mp4,0.500000
ljouzjaqqe.mp4,0.500000
llplvmcvbl.mp4,0.500000
lmdyicksrv.mp4,0.500000
lnhkjhyhvw.mp4,0.500000
lnjkpdviqb.mp4,0.500000
lpgxwdgnio.mp4,0.500000
lpkgabskbw.mp4,0.500000
lujvyveojc.mp4,0.500000
lyoslorecs.mp4,0.500000
mdfndlljvt.mp4,0.500000
mkmgcxaztt.mp4,0.500000
mkzaekkvej.mp4,0.500000
mllzkpgatp.mp4,0.500000
mnowxangqx.mp4,0.500000
mnzabbkpmt.mp4,0.500000
mohiqoogpb.mp4,0.500000
mszblrdprw.mp4,0.500000
mwnibuujwz.mp4,0.500000
mwwploizlj.mp4,0.500000
mxahsihabr.mp4,0.500000
mxlipjhmqk.mp4,0.500000
ncmpqwmnzb.mp4,0.500000
ncoeewrdlo.mp4,0.500000
ndikguxzek.mp4,0.500000
nikynwcvuh.mp4,0.500000
njzshtfmcw.mp4,0.500000
nkhzxomani.mp4,0.500000
novarhxpbj.mp4,0.500000
nplviymzlg.mp4,0.500000
nswtvttxre.mp4,0.500000
nthpnwylxo.mp4,0.500000
nwvloufjty.mp4,0.500000
nwvsbmyndn.mp4,0.500000
nxgzmgzkfv.mp4,0.500000
nxnmkytwze.mp4,0.500000
nxzgekegsp.mp4,0.500000
nycmyuzpml.mp4,0.500000
nymodlmxni.mp4,0.500000
oaguiggjyv.mp4,0.500000
ocgdbrgmtq.mp4,0.500000
oefukgnvel.mp4,0.500000
oelqpetgwj.mp4,0.500000
ojsxxkalat.mp4,0.500000
okgelildpc.mp4,0.500000
omphqltjdd.mp4,0.500000
ooafcxxfrs.mp4,0.500000
oocincvedt.mp4,0.500000
oojxonbgow.mp4,0.500000
opvqdabdap.mp4,0.500000
orekjthsef.mp4,0.500000
orixbcfvdz.mp4,0.500000
ouaowjmigq.mp4,0.500000
owaogcehvc.mp4,0.500000
oyqgwjdwaj.mp4,0.500000
oysopgovhu.mp4,0.500000
papagllumt.mp4,0.500000
pcoxcmtroa.mp4,0.500000
pcyswtgick.mp4,0.500000
pdswwyyntw.mp4,0.500000
pdufsewrec.mp4,0.500000
petmyhjclt.mp4,0.500000
phjvutxpoi.mp4,0.500000
pqdeutauqc.mp4,0.500000
pqthmvwonf.mp4,0.500000
prhmixykhr.mp4,0.500000
prwsfljdjo.mp4,0.500000
psesikjaxx.mp4,0.500000
ptbfnkajyi.mp4,0.500000
ptbnewtvon.mp4,0.500000
pxcfrszlgi.mp4,0.500000
pxjkzvqomp.mp4,0.500000
qarqtkvgby.mp4,0.500000
qcbkztamqc.mp4,0.500000
qclpbcbgeq.mp4,0.500000
qdqdsaiitt.mp4,0.500000
qhkzlnzruj.mp4,0.500000
qhsehzgxqj.mp4,0.500000
qlqhjcshpk.mp4,0.500000
qlvsqdroqo.mp4,0.500000
qooxnxqqjb.mp4,0.500000
qqnlrngaft.mp4,0.500000
qsjiypnjwi.mp4,0.500000
qswlzfgcgj.mp4,0.500000
qxyrtwozyw.mp4,0.500000
qyyhuvqmyf.mp4,0.500000
rcecrgeotc.mp4,0.500000
rcjfxxhcal.mp4,0.500000
rerpivllud.mp4,0.500000
rfjuhbnlro.mp4,0.500000
rfwxcinshk.mp4,0.500000
rklawjhbpv.mp4,0.500000
rktrpsdlci.mp4,0.500000
rmlzgerevr.mp4,0.500000
rmufsuogzn.mp4,0.500000
rnfcjxynfa.mp4,0.500000
rrrfjhugvb.mp4,0.500000
rtpbawlmxr.mp4,0.500000
ruhtnngrqv.mp4,0.500000
rukyxomwcx.mp4,0.500000
rvvpazsffd.mp4,0.500000
rxdoimqble.mp4,0.500000
ryxaqpfubf.mp4,0.500000
scbdenmaed.mp4,0.500000
scrbqgpvzz.mp4,0.500000
sfsayjgzrh.mp4,0.500000
shnsajrsow.mp4,0.500000
siebfpwuhu.mp4,0.500000
sjinmmbipg.mp4,0.500000
sjkfxrlxxs.mp4,0.500000
sjwywglgym.mp4,0.500000
sktpeppbkc.mp4,0.500000
sngjsueuhs.mp4,0.500000
snlyjbnpgw.mp4,0.500000
sodvtfqbpf.mp4,0.500000
sqixhnilfm.mp4,0.500000
srfefmyjvt.mp4,0.500000
sufvvwmbha.mp4,0.500000
swsaoktwgi.mp4,0.500000
sylnrepacf.mp4,0.500000
syuxttuyhm.mp4,0.500000
syxobtuucp.mp4,0.500000
sznkemeqro.mp4,0.500000
tejfudfgpq.mp4,0.500000
temeqbmzxu.mp4,0.500000
temjefwaas.mp4,0.500000
tgawasvbbr.mp4,0.500000
tjuihawuqm.mp4,0.500000
tjywwgftmv.mp4,0.500000
toinozytsp.mp4,0.500000
tvhjcfnqtg.mp4,0.500000
txmnoyiyte.mp4,0.500000
txnmkabufs.mp4,0.500000
tyjpjpglgx.mp4,0.500000
tynfsthodx.mp4,0.500000
ucthmsajay.mp4,0.500000
udxqbhgvvx.mp4,0.500000
uhakqelqri.mp4,0.500000
uhrqlmlclw.mp4,0.500000
uoccaiathd.mp4,0.500000
upmgtackuf.mp4,0.500000
uqvxjfpwdo.mp4,0.500000
usqqvxcjmg.mp4,0.500000
uubgqnvfdl.mp4,0.500000
uvrzaczrbx.mp4,0.500000
uxuvkrjhws.mp4,0.500000
vajkicalux.mp4,0.500000
vbcgoyxsvn.mp4,0.500000
vdtsbqidjb.mp4,0.500000
vhbbwdflyh.mp4,0.500000
viteugozpv.mp4,0.500000
vizerpsvbz.mp4,0.500000
vjljdfopjg.mp4,0.500000
vmxfwxgdei.mp4,0.500000
vnlzxqwthl.mp4,0.500000
voawxrmqyl.mp4,0.500000
vokrpfjpeb.mp4,0.500000
vssmlqoiti.mp4,0.500000
vtunvalyji.mp4,0.500000
vurjckblge.mp4,0.500000
vvfszaosiv.mp4,0.500000
vwxednhlwz.mp4,0.500000
wadvzjhwtw.mp4,0.500000
waucvvmtkq.mp4,0.500000
wclvkepakb.mp4,0.500000
wcqvzujamg.mp4,0.500000
wcssbghcpc.mp4,0.500000
wcvsqnplsk.mp4,0.500000
wfzjxzhdkj.mp4,0.500000
wixbuuzygv.mp4,0.500000
wjhpisoeaj.mp4,0.500000
wmoqzxddkb.mp4,0.500000
wndursivcx.mp4,0.500000
wnlubukrki.mp4,0.500000
wqysrieiqu.mp4,0.500000
wvgviwnwob.mp4,0.500000
wynotylpnm.mp4,0.500000
xcruhaccxc.mp4,0.500000
xdezcezszc.mp4,0.500000
xhtppuyqdr.mp4,0.500000
xitgdpzbxv.mp4,0.500000
xjvxtuakyd.mp4,0.500000
xljemofssi.mp4,0.500000
xmkwsnuzyq.mp4,0.500000
xphdfgmfmz.mp4,0.500000
xrtvqhdibb.mp4,0.500000
xugmhbetrw.mp4,0.500000
xxzefxwyku.mp4,0.500000
yarpxfqejd.mp4,0.500000
yaxgpxhavq.mp4,0.500000
ybbrkacebd.mp4,0.500000
yhjlnisfel.mp4,0.500000
yhylappzid.mp4,0.500000
yietrwuncf.mp4,0.500000
yiykshcbaz.mp4,0.500000
yljecirelf.mp4,0.500000
yllztsrwjw.mp4,0.500000
ylxwcwhjjd.mp4,0.500000
yoyhmxtrys.mp4,0.500000
ypbtpunjvm.mp4,0.500000
yqhouqakbx.mp4,0.500000
yronlutbgm.mp4,0.500000
ystdtnetgj.mp4,0.500000
ytddugrwph.mp4,0.500000
ytopzxrswu.mp4,0.500000
ywauoonmlr.mp4,0.500000
ywxpquomgt.mp4,0.500000
yxadevzohx.mp4,0.500000
yxirnfyijn.mp4,0.500000
yxvmusxvcz.mp4,0.500000
yzuestxcbq.mp4,0.500000
zbgssotnjm.mp4,0.500000
zcxcmneefk.mp4,0.500000
zfobicuigx.mp4,0.500000
zfrrixsimm.mp4,0.500000
zgbhzkditd.mp4,0.500000
zgjosltkie.mp4,0.500000
ziipxxchai.mp4,0.500000
zmxeiipnqb.mp4,0.500000
ztyuiqrhdk.mp4,0.500000
ztyvglkcsf.mp4,0.500000
zuwwbbusgl.mp4,0.500000
zxacihctqp.mp4,0.500000
zyufpqvpyu.mp4,0.500000
zzmgnglanj.mp4,0.500000
